<?xml version="1.0" encoding="UTF-8" standalone="no"?>
<Canvas xmlns="http://www.jgrasp.org">
    <Language>Java</Language>
    <ShowTypes>false</ShowTypes>
    <Version>2</Version>
    <Grid>
        <Snap>true</Snap>
        <Show>false</Show>
    </Grid>
    <Frame>
        <Bounds>
            <AutoSize>false</AutoSize>
            <X>30</X>
            <Y>70</Y>
            <W>1688</W>
            <H>708</H>
        </Bounds>
        <PanelSize>
            <Key>java__lang__Object_LinkedView0</Key>
            <Order>4</Order>
            <W>1694</W>
            <H>761</H>
        </PanelSize>
        <Viewer>
            <Expression>filaPessoas.elementos</Expression>
            <ViewerClass>java__lang__Object_LinkedView</ViewerClass>
            <ViewerData>
                <StructureData>
                    <Type>List</Type>
                    <WrapperExp>_list_.base</WrapperExp>
                    <NodeTypeNm>
                        aed.colecoes.iteraveis.lineares.naoordenadas.estruturas.ListaDuplaNaoOrdenada_Avaliacao1_Iterador$No
                    </NodeTypeNm>
                    <FwdLnkExp>_node_.seguinte</FwdLnkExp>
                    <BkwdLnkExp>_node_.anterior</BkwdLnkExp>
                    <ValueExp>_node_.elemento</ValueExp>
                </StructureData>
                <ViewData>
                    <Width>118</Width>
                </ViewData>
            </ViewerData>
        </Viewer>
    </Frame>
    <Size>
        <W>1770</W>
        <H>1080</H>
    </Size>
    <ESize>
        <W>1770</W>
        <H>1080</H>
    </ESize>
</Canvas>
