<?xml version="1.0" encoding="UTF-8" standalone="no"?>
<Canvas xmlns="http://www.jgrasp.org">
    <Language>Java</Language>
    <ShowTypes>false</ShowTypes>
    <Version>2</Version>
    <Grid>
        <Snap>true</Snap>
        <Show>false</Show>
    </Grid>
    <Frame>
        <Bounds>
            <AutoSize>true</AutoSize>
            <X>330</X>
            <Y>1050</Y>
            <W>124</W>
            <H>49</H>
        </Bounds>
        <LabelLoc>
            <WO>false</WO>
        </LabelLoc>
        <Viewer>
            <Expression>somaMaxima</Expression>
            <ViewerClass>jgrasp_viewers._X_ElementView</ViewerClass>
        </Viewer>
    </Frame>
    <Frame>
        <Bounds>
            <AutoSize>true</AutoSize>
            <X>510</X>
            <Y>750</Y>
            <W>124</W>
            <H>49</H>
        </Bounds>
        <LabelLoc>
            <WO>false</WO>
        </LabelLoc>
        <Viewer>
            <Expression>somaMaximaMeioDir</Expression>
            <ViewerClass>jgrasp_viewers._X_ElementView</ViewerClass>
        </Viewer>
    </Frame>
    <Frame>
        <Bounds>
            <AutoSize>true</AutoSize>
            <X>630</X>
            <Y>630</Y>
            <W>124</W>
            <H>49</H>
        </Bounds>
        <LabelLoc>
            <WO>false</WO>
        </LabelLoc>
        <Viewer>
            <Expression>somaMaximaDir</Expression>
            <ViewerClass>jgrasp_viewers._X_ElementView</ViewerClass>
        </Viewer>
    </Frame>
    <Frame>
        <Bounds>
            <AutoSize>true</AutoSize>
            <X>40</X>
            <Y>640</Y>
            <W>124</W>
            <H>49</H>
        </Bounds>
        <LabelLoc>
            <WO>false</WO>
        </LabelLoc>
        <Viewer>
            <Expression>somaMaximaEsq</Expression>
            <ViewerClass>jgrasp_viewers._X_ElementView</ViewerClass>
        </Viewer>
    </Frame>
    <Frame>
        <Bounds>
            <AutoSize>false</AutoSize>
            <X>20</X>
            <Y>100</Y>
            <W>918</W>
            <H>501</H>
        </Bounds>
        <PanelSize>
            <Key>jgrasp_viewers._X_A_PresentationView0</Key>
            <Order>4</Order>
            <W>924</W>
            <H>549</H>
        </PanelSize>
        <PanelSize>
            <Key>_X_A_PresentationView0</Key>
            <Order>3</Order>
            <W>964</W>
            <H>545</H>
        </PanelSize>
        <Viewer>
            <Expression>elementos</Expression>
            <Indices>esq#meio#dir#inicio#fim#i#inicioEsq#fimEsq#inicioDir#fimDir#inicioEsqDir#fimEsqDir</Indices>
            <ViewerClass>jgrasp_viewers._X_A_PresentationView</ViewerClass>
            <ViewerData>
                <Width>76</Width>
            </ViewerData>
        </Viewer>
    </Frame>
    <Frame>
        <Bounds>
            <AutoSize>true</AutoSize>
            <X>150</X>
            <Y>750</Y>
            <W>124</W>
            <H>49</H>
        </Bounds>
        <LabelLoc>
            <WO>false</WO>
        </LabelLoc>
        <Viewer>
            <Expression>somaMaximaMeioEsq</Expression>
            <ViewerClass>jgrasp_viewers._X_ElementView</ViewerClass>
        </Viewer>
    </Frame>
    <TextBox>
        <Text>+</Text>
        <Position>
            <X>350</X>
            <Y>760</Y>
        </Position>
        <Transparent>true</Transparent>
    </TextBox>
    <Size>
        <W>1000</W>
        <H>720</H>
    </Size>
    <ESize>
        <W>1000</W>
        <H>720</H>
    </ESize>
</Canvas>
