<?xml version="1.0" encoding="UTF-8" standalone="no"?>
<Canvas xmlns="http://www.jgrasp.org">
    <Language>Java</Language>
    <ShowTypes>false</ShowTypes>
    <Version>2</Version>
    <Grid>
        <Snap>true</Snap>
        <Show>false</Show>
    </Grid>
    <Frame>
        <Bounds>
            <AutoSize>true</AutoSize>
            <X>70</X>
            <Y>160</Y>
            <W>513</W>
            <H>141</H>
        </Bounds>
        <Viewer>
            <Expression>elementos</Expression>
            <Indices>i</Indices>
            <ViewerClass>jgrasp_viewers._X_A_PresentationView</ViewerClass>
            <ViewerData>
                <Round>false</Round>
            </ViewerData>
        </Viewer>
    </Frame>
    <Frame>
        <Transparent>true</Transparent>
        <Bounds>
            <AutoSize>true</AutoSize>
            <X>70</X>
            <Y>510</Y>
            <W>153</W>
            <H>62</H>
        </Bounds>
        <LabelLoc>
            <WO>false</WO>
        </LabelLoc>
        <Viewer>
            <Expression>indice</Expression>
            <ViewerClass>jgrasp_viewers._X_ElementView</ViewerClass>
        </Viewer>
    </Frame>
    <Frame>
        <Bounds>
            <AutoSize>true</AutoSize>
            <X>320</X>
            <Y>510</Y>
            <W>124</W>
            <H>50</H>
        </Bounds>
        <Viewer>
            <Expression>elemento</Expression>
            <ViewerClass>jgrasp_viewers._X_PresentationToStringView</ViewerClass>
        </Viewer>
    </Frame>
    <Size>
        <W>714</W>
        <H>720</H>
    </Size>
    <ESize>
        <W>714</W>
        <H>720</H>
    </ESize>
</Canvas>
