<?xml version="1.0" encoding="UTF-8" standalone="no"?>
<Canvas xmlns="http://www.jgrasp.org">
    <Language>Java</Language>
    <ShowTypes>false</ShowTypes>
    <Version>2</Version>
    <Grid>
        <Snap>true</Snap>
        <Show>false</Show>
    </Grid>
    <Frame>
        <Bounds>
            <AutoSize>true</AutoSize>
            <X>70</X>
            <Y>490</Y>
            <W>124</W>
            <H>49</H>
        </Bounds>
        <LabelLoc>
            <WO>false</WO>
        </LabelLoc>
        <Viewer>
            <Expression>somaAtual</Expression>
            <ViewerClass>jgrasp_viewers._X_ElementView</ViewerClass>
        </Viewer>
    </Frame>
    <Frame>
        <Bounds>
            <AutoSize>true</AutoSize>
            <X>370</X>
            <Y>490</Y>
            <W>124</W>
            <H>49</H>
        </Bounds>
        <LabelLoc>
            <WO>false</WO>
        </LabelLoc>
        <Viewer>
            <Expression>somaMaxima</Expression>
            <ViewerClass>jgrasp_viewers._X_ElementView</ViewerClass>
        </Viewer>
    </Frame>
    <Frame>
        <Bounds>
            <AutoSize>true</AutoSize>
            <X>20</X>
            <Y>100</Y>
            <W>509</W>
            <H>197</H>
        </Bounds>
        <Viewer>
            <Expression>elementos</Expression>
            <Indices>i#j#inicio#fim</Indices>
            <ViewerClass>jgrasp_viewers._X_A_PresentationView</ViewerClass>
            <ViewerData>
                <Round>false</Round>
            </ViewerData>
        </Viewer>
    </Frame>
    <Size>
        <W>684</W>
        <H>720</H>
    </Size>
    <ESize>
        <W>684</W>
        <H>720</H>
    </ESize>
</Canvas>
