<?xml version="1.0" encoding="UTF-8" standalone="no"?>
<Canvas xmlns="http://www.jgrasp.org">
  <Language>Java</Language>
  <ShowTypes>false</ShowTypes>
  <Version>2</Version>
  <Grid>
    <Snap>true</Snap>
    <Show>false</Show>
  </Grid>
  <Frame>
    <Bounds>
      <AutoSize>true</AutoSize>
      <X>880</X>
      <Y>850</Y>
      <W>1229</W>
      <H>283</H>
    </Bounds>
    <Viewer>
      <Expression>fila</Expression>
      <ViewerClass>java__lang__Object_LinkedView</ViewerClass>
      <ViewerData>
                        
        <StructureData>
                              
          <Type>List</Type>
                              
          <WrapperExp>_list_.elementos.base</WrapperExp>
                              
          <NodeTypeNm>
                        pt.ipleiria.estg.dei.aed.colecoes.iteraveis.lineares.naoordenadas.estruturas.ListaDuplaCircularBaseNaoOrdenada_Avaliacao1_Iterador$No
                    </NodeTypeNm>
                              
          <FwdLnkExp>_node_.seguinte</FwdLnkExp>
                              
          <BkwdLnkExp>_node_.anterior</BkwdLnkExp>
                              
          <ValueExp>((ArvoreBinaria.No)_node_.elemento)==null ? null :
                        ((ArvoreBinaria.No)_node_.elemento).elemento
                    </ValueExp>
                          
        </StructureData>
                        
        <ViewData>
                              
          <Width>123</Width>
                          
        </ViewData>
                    
      </ViewerData>
    </Viewer>
  </Frame>
  <Frame>
    <Bounds>
      <AutoSize>false</AutoSize>
      <X>60</X>
      <Y>1050</Y>
      <W>664</W>
      <H>394</H>
    </Bounds>
    <PanelSize>
      <Key>java__lang__Object_LinkedView0</Key>
      <Order>4</Order>
      <W>664</W>
      <H>435</H>
    </PanelSize>
    <Viewer>
      <Expression>pilha</Expression>
      <ViewerClass>java__lang__Object_LinkedView</ViewerClass>
      <ViewerData>
                        
        <StructureData>
                              
          <Type>List</Type>
                              
          <WrapperExp>_list_.noTopo</WrapperExp>
                              
          <NodeTypeNm>pt.ipleiria.estg.dei.aed.colecoes.naoiteraveis.estruturas.Pilha$No</NodeTypeNm>
                              
          <FwdLnkExp>_node_.seguinte</FwdLnkExp>
                              
          <ValueExp>((ArvoreBinaria.No) _node_.elemento).elemento</ValueExp>
                          
        </StructureData>
                        
        <ViewData>
                              
          <Width>225</Width>
                              
          <Vertical>true</Vertical>
                          
        </ViewData>
                    
      </ViewerData>
    </Viewer>
  </Frame>
  <Frame>
    <Bounds>
      <AutoSize>false</AutoSize>
      <X>5</X>
      <Y>110</Y>
      <W>1106</W>
      <H>605</H>
    </Bounds>
    <PanelSize>
      <Key>jgrasp_viewers.java__lang__Object_LinkedView0</Key>
      <Order>4</Order>
      <W>1112</W>
      <H>662</H>
    </PanelSize>
    <PanelSize>
      <Key>java__lang__Object_LinkedView0</Key>
      <Order>3</Order>
      <W>1572</W>
      <H>1437</H>
    </PanelSize>
    <Viewer>
      <Expression>arvoreBinariaPessoasNome</Expression>
      <ViewerClass>jgrasp_viewers.java__lang__Object_LinkedView</ViewerClass>
      <ViewerData>
        <StructureData>
          <Type>BTree</Type>
          <WrapperExp>_tree_.base</WrapperExp>
          <NodeTypeNm>aed.colecoes.iteraveis.lineares.ordenadas.estruturas.ArvoreBinaria$Base</NodeTypeNm>
          <LeftLnkExp>_node_.esquerda</LeftLnkExp>
          <RightLnkExp>_node_.direita</RightLnkExp>
          <ValueExp>_node_.elemento</ValueExp>
        </StructureData>
        <StructureFields>
          <Field>
            <Name>numeroElementos</Name>
          </Field>
        </StructureFields>
        <ViewData>
          <Width>136</Width>
          <Round>false</Round>
        </ViewData>
      </ViewerData>
    </Viewer>
  </Frame>
  <Frame>
    <Bounds>
      <AutoSize>true</AutoSize>
      <X>260</X>
      <Y>30</Y>
      <W>140</W>
      <H>83</H>
    </Bounds>
    <LabelLoc>
      <WO>false</WO>
    </LabelLoc>
    <Viewer>
      <Expression>cp</Expression>
      <ViewerClass>_X_ElementView</ViewerClass>
    </Viewer>
  </Frame>
  <Frame>
    <Bounds>
      <AutoSize>true</AutoSize>
      <X>410</X>
      <Y>30</Y>
      <W>113</W>
      <H>38</H>
    </Bounds>
    <Viewer>
      <Expression>pessoa</Expression>
      <ViewerClass>jgrasp_viewers._X_PresentationToStringView</ViewerClass>
    </Viewer>
  </Frame>
  <Frame>
    <Bounds>
      <AutoSize>true</AutoSize>
      <X>10</X>
      <Y>30</Y>
      <W>240</W>
      <H>82</H>
    </Bounds>
    <Viewer>
      <Expression>elem</Expression>
      <ViewerClass>_X_PresentationToStringView</ViewerClass>
    </Viewer>
  </Frame>
  <Frame>
    <Bounds>
      <AutoSize>false</AutoSize>
      <X>1800</X>
      <Y>310</Y>
      <W>1112</W>
      <H>1046</H>
    </Bounds>
    <PanelSize>
      <Key>java__lang__Object_LinkedView0</Key>
      <Order>4</Order>
      <W>1112</W>
      <H>1087</H>
    </PanelSize>
    <PanelSize>
      <Key>_X_ElementView0</Key>
      <Order>3</Order>
      <W>294</W>
      <H>605</H>
    </PanelSize>
    <PanelSize>
      <Key>_X_PresentationToStringView0</Key>
      <Order>2</Order>
      <W>834</W>
      <H>70</H>
    </PanelSize>
    <Viewer>
      <Expression>corrente</Expression>
      <ViewerClass>java__lang__Object_LinkedView</ViewerClass>
      <ViewerData>
                        
        <StructureData>
                              
          <Type>BTree</Type>
                              
          <WrapperExp>_tree_</WrapperExp>
                              
          <NodeTypeNm>
                        pt.ipleiria.estg.dei.aed.colecoes.iteraveis.lineares.ordenadas.estruturas.ArvoreBinaria$No
                    </NodeTypeNm>
                              
          <LeftLnkExp>_node_.esquerda</LeftLnkExp>
                              
          <RightLnkExp>_node_.direita</RightLnkExp>
                              
          <ValueExp>_node_.elemento</ValueExp>
                          
        </StructureData>
                        
        <ViewData>
                              
          <Width>127</Width>
                              
          <Round>false</Round>
                          
        </ViewData>
                    
      </ViewerData>
    </Viewer>
  </Frame>
  <Size>
    <W>1194</W>
    <H>948</H>
  </Size>
  <ESize>
    <W>1194</W>
    <H>948</H>
  </ESize>
</Canvas>
