<?xml version="1.0" encoding="UTF-8" standalone="no"?>
<Canvas xmlns="http://www.jgrasp.org">
    <Language>Java</Language>
    <ShowTypes>false</ShowTypes>
    <Version>2</Version>
    <Grid>
        <Snap>true</Snap>
        <Show>false</Show>
    </Grid>
    <Frame>
        <Bounds>
            <AutoSize>false</AutoSize>
            <X>50</X>
            <Y>200</Y>
            <W>1218</W>
            <H>369</H>
        </Bounds>
        <PanelSize>
            <Key>jgrasp_viewers.java__lang__Object_LinkedView0</Key>
            <Order>4</Order>
            <W>1224</W>
            <H>430</H>
        </PanelSize>
        <PanelSize>
            <Key>java__lang__Object_LinkedView0</Key>
            <Order>3</Order>
            <W>1324</W>
            <H>705</H>
        </PanelSize>
        <Viewer>
            <Expression>listaPessoas</Expression>
            <ViewerClass>jgrasp_viewers.java__lang__Object_LinkedView</ViewerClass>
            <ViewerData>
                <StructureData>
                    <Type>List</Type>
                    <WrapperExp>_list_.noInicial</WrapperExp>
                    <NodeTypeNm>
                        aed.colecoes.iteraveis.lineares.naoordenadas.estruturas.deprecated.ListaSimplesNaoOrdenada$No
                    </NodeTypeNm>
                    <FwdLnkExp>_node_.seguinte</FwdLnkExp>
                    <TailExp>noFinal</TailExp>
                    <ValueExp>_node_.elemento</ValueExp>
                    <FTLExp>false</FTLExp>
                    <LTFExp>false</LTFExp>
                    <Labels>1</Labels>
                </StructureData>
                <StructureFields>
                    <Field>
                        <Name>numeroElementos</Name>
                    </Field>
                </StructureFields>
                <ViewData>
                    <Width>116</Width>
                </ViewData>
            </ViewerData>
        </Viewer>
    </Frame>
    <Frame>
        <Bounds>
            <AutoSize>false</AutoSize>
            <X>50</X>
            <Y>650</Y>
            <W>1238</W>
            <H>254</H>
        </Bounds>
        <PanelSize>
            <Key>jgrasp_viewers.java__lang__Object_LinkedView0</Key>
            <Order>4</Order>
            <W>1244</W>
            <H>315</H>
        </PanelSize>
        <PanelSize>
            <Key>java__lang__Object_LinkedView0</Key>
            <Order>3</Order>
            <W>1334</W>
            <H>585</H>
        </PanelSize>
        <Viewer>
            <Expression>iteradorListaPessoas</Expression>
            <ViewerClass>jgrasp_viewers.java__lang__Object_LinkedView</ViewerClass>
            <ViewerData>
                <StructureData>
                    <Type>List</Type>
                    <WrapperExp>_list_.corrente</WrapperExp>
                    <NodeTypeNm>
                        aed.colecoes.iteraveis.lineares.naoordenadas.estruturas.deprecated.ListaSimplesNaoOrdenada$No
                    </NodeTypeNm>
                    <FwdLnkExp>_node_.seguinte</FwdLnkExp>
                    <TailExp>proximo</TailExp>
                    <ValueExp>_node_.elemento</ValueExp>
                    <FTLExp>false</FTLExp>
                    <LTFExp>false</LTFExp>
                </StructureData>
                <ViewData>
                    <Width>125</Width>
                </ViewData>
            </ViewerData>
        </Viewer>
    </Frame>
    <Frame>
        <Bounds>
            <AutoSize>true</AutoSize>
            <X>360</X>
            <Y>40</Y>
            <W>231</W>
            <H>74</H>
        </Bounds>
        <Viewer>
            <Expression>pessoa</Expression>
            <ViewerClass>jgrasp_viewers._X_PresentationToStringView</ViewerClass>
        </Viewer>
    </Frame>
    <Frame>
        <Bounds>
            <AutoSize>true</AutoSize>
            <X>630</X>
            <Y>40</Y>
            <W>239</W>
            <H>83</H>
        </Bounds>
        <Viewer>
            <Expression>elem</Expression>
            <ViewerClass>_X_PresentationToStringView</ViewerClass>
        </Viewer>
    </Frame>
    <Frame>
        <Bounds>
            <AutoSize>true</AutoSize>
            <X>50</X>
            <Y>40</Y>
            <W>230</W>
            <H>74</H>
        </Bounds>
        <Viewer>
            <Expression>p</Expression>
            <ViewerClass>jgrasp_viewers._X_PresentationToStringView</ViewerClass>
        </Viewer>
    </Frame>
    <Frame>
        <Bounds>
            <AutoSize>true</AutoSize>
            <X>900</X>
            <Y>40</Y>
            <W>156</W>
            <H>63</H>
        </Bounds>
        <LabelLoc>
            <WO>false</WO>
        </LabelLoc>
        <Viewer>
            <Expression>indice</Expression>
            <ViewerClass>jgrasp_viewers._X_ElementView</ViewerClass>
        </Viewer>
    </Frame>
    <Size>
        <W>1341</W>
        <H>1080</H>
    </Size>
    <ESize>
        <W>1341</W>
        <H>1080</H>
    </ESize>
</Canvas>
