<?xml version="1.0" encoding="UTF-8" standalone="no"?>
<Canvas xmlns="http://www.jgrasp.org">
    <Language>Java</Language>
    <ShowTypes>false</ShowTypes>
    <Version>2</Version>
    <Grid>
        <Snap>true</Snap>
        <Show>false</Show>
    </Grid>
    <Frame>
        <Bounds>
            <AutoSize>true</AutoSize>
            <X>630</X>
            <Y>40</Y>
            <W>233</W>
            <H>77</H>
        </Bounds>
        <Viewer>
            <Expression>elem</Expression>
            <ViewerClass>_X_PresentationToStringView</ViewerClass>
        </Viewer>
    </Frame>
    <Frame>
        <Bounds>
            <AutoSize>false</AutoSize>
            <X>50</X>
            <Y>650</Y>
            <W>1618</W>
            <H>418</H>
        </Bounds>
        <PanelSize>
            <Key>java__lang__Object_LinkedView0</Key>
            <Order>4</Order>
            <W>1624</W>
            <H>465</H>
        </PanelSize>
        <Viewer>
            <Expression>listaPessoasNome</Expression>
            <ViewerClass>java__lang__Object_LinkedView</ViewerClass>
            <ViewerData>
                <StructureData>
                    <Type>List</Type>
                    <WrapperExp>_list_.base</WrapperExp>
                    <NodeTypeNm>
                        aed.colecoes.iteraveis.lineares.ordenadas.estruturas.ListaDuplaLimiteOrdenada$No
                    </NodeTypeNm>
                    <FwdLnkExp>_node_.seguinte</FwdLnkExp>
                    <BkwdLnkExp>_node_.anterior</BkwdLnkExp>
                    <ValueExp>_node_.elemento</ValueExp>
                    <Labels>2</Labels>
                </StructureData>
                <StructureFields>
                    <Field>
                        <Name>numeroElementos</Name>
                    </Field>
                </StructureFields>
                <ViewData>
                    <Width>121</Width>
                </ViewData>
            </ViewerData>
        </Viewer>
    </Frame>
    <Frame>
        <Bounds>
            <AutoSize>true</AutoSize>
            <X>900</X>
            <Y>40</Y>
            <W>137</W>
            <H>78</H>
        </Bounds>
        <LabelLoc>
            <WO>false</WO>
        </LabelLoc>
        <Viewer>
            <Expression>indice</Expression>
            <ViewerClass>_X_ElementView</ViewerClass>
        </Viewer>
    </Frame>
    <Frame>
        <Bounds>
            <AutoSize>true</AutoSize>
            <X>360</X>
            <Y>40</Y>
            <W>231</W>
            <H>74</H>
        </Bounds>
        <Viewer>
            <Expression>pessoa</Expression>
            <ViewerClass>_X_PresentationToStringView</ViewerClass>
        </Viewer>
    </Frame>
    <Frame>
        <Bounds>
            <AutoSize>false</AutoSize>
            <X>50</X>
            <Y>1110</Y>
            <W>1808</W>
            <H>538</H>
        </Bounds>
        <PanelSize>
            <Key>java__lang__Object_LinkedView0</Key>
            <Order>4</Order>
            <W>1814</W>
            <H>585</H>
        </PanelSize>
        <Viewer>
            <Expression>it</Expression>
            <ViewerClass>java__lang__Object_LinkedView</ViewerClass>
            <ViewerData>
                <StructureData>
                    <Type>List</Type>
                    <WrapperExp>_list_.anteriorAoPrimeiro</WrapperExp>
                    <NodeTypeNm>
                        aed.colecoes.iteraveis.lineares.ordenadas.estruturas.ListaDuplaLimiteOrdenada$No
                    </NodeTypeNm>
                    <FwdLnkExp>_node_.seguinte</FwdLnkExp>
                    <BkwdLnkExp>_node_.anterior</BkwdLnkExp>
                    <TailExp>seguinteAoUltimo</TailExp>
                    <ValueExp>_node_.elemento</ValueExp>
                </StructureData>
                <StructureFields>
                    <Field>
                        <Name>corrente</Name>
                    </Field>
                </StructureFields>
                <ViewData>
                    <Width>125</Width>
                </ViewData>
            </ViewerData>
        </Viewer>
    </Frame>
    <Frame>
        <Bounds>
            <AutoSize>true</AutoSize>
            <X>50</X>
            <Y>40</Y>
            <W>231</W>
            <H>74</H>
        </Bounds>
        <Viewer>
            <Expression>p</Expression>
            <ViewerClass>_X_PresentationToStringView</ViewerClass>
        </Viewer>
    </Frame>
    <Frame>
        <Bounds>
            <AutoSize>false</AutoSize>
            <X>50</X>
            <Y>200</Y>
            <W>1618</W>
            <H>398</H>
        </Bounds>
        <PanelSize>
            <Key>java__lang__Object_LinkedView0</Key>
            <Order>4</Order>
            <W>1624</W>
            <H>445</H>
        </PanelSize>
        <Viewer>
            <Expression>listaPessoasBI</Expression>
            <ViewerClass>java__lang__Object_LinkedView</ViewerClass>
            <ViewerData>
                <StructureData>
                    <Type>List</Type>
                    <WrapperExp>_list_.base</WrapperExp>
                    <NodeTypeNm>
                        aed.colecoes.iteraveis.lineares.ordenadas.estruturas.ListaDuplaLimiteOrdenada$No
                    </NodeTypeNm>
                    <FwdLnkExp>_node_.seguinte</FwdLnkExp>
                    <BkwdLnkExp>_node_.anterior</BkwdLnkExp>
                    <ValueExp>_node_.elemento</ValueExp>
                    <Labels>2</Labels>
                </StructureData>
                <StructureFields>
                    <Field>
                        <Name>numeroElementos</Name>
                    </Field>
                </StructureFields>
                <ViewData>
                    <Width>121</Width>
                </ViewData>
            </ViewerData>
        </Viewer>
    </Frame>
    <Size>
        <W>2703</W>
        <H>1738</H>
    </Size>
    <ESize>
        <W>2703</W>
        <H>1738</H>
    </ESize>
</Canvas>
