<?xml version="1.0" encoding="UTF-8" standalone="no"?>
<Canvas xmlns="http://www.jgrasp.org">
    <Language>Java</Language>
    <ShowTypes>false</ShowTypes>
    <Version>2</Version>
    <Grid>
        <Snap>true</Snap>
        <Show>false</Show>
    </Grid>
    <Frame>
        <Bounds>
            <AutoSize>false</AutoSize>
            <X>60</X>
            <Y>200</Y>
            <W>1618</W>
            <H>338</H>
        </Bounds>
        <PanelSize>
            <Key>java__lang__Object_LinkedView0</Key>
            <Order>4</Order>
            <W>1624</W>
            <H>385</H>
        </PanelSize>
        <Viewer>
            <Expression>listaPessoasBI</Expression>
            <ViewerClass>java__lang__Object_LinkedView</ViewerClass>
            <ViewerData>
                <StructureData>
                    <Type>List</Type>
                    <WrapperExp>_list_.base</WrapperExp>
                    <NodeTypeNm>
                        aed.colecoes.iteraveis.lineares.naoordenadas.estruturas.deprecated.ListaSimplesNaoOrdenada$No
                    </NodeTypeNm>
                    <FwdLnkExp>_node_.seguinte</FwdLnkExp>
                    <ValueExp>_node_.elemento</ValueExp>
                    <FTLExp>false</FTLExp>
                    <Labels>2</Labels>
                </StructureData>
                <StructureFields>
                    <Field>
                        <Name>numeroElementos</Name>
                    </Field>
                </StructureFields>
                <ViewData>
                    <Width>121</Width>
                </ViewData>
            </ViewerData>
        </Viewer>
    </Frame>
    <Frame>
        <Bounds>
            <AutoSize>true</AutoSize>
            <X>50</X>
            <Y>40</Y>
            <W>231</W>
            <H>74</H>
        </Bounds>
        <Viewer>
            <Expression>p</Expression>
            <ViewerClass>_X_PresentationToStringView</ViewerClass>
        </Viewer>
    </Frame>
    <Frame>
        <Bounds>
            <AutoSize>true</AutoSize>
            <X>900</X>
            <Y>40</Y>
            <W>134</W>
            <H>75</H>
        </Bounds>
        <LabelLoc>
            <WO>false</WO>
        </LabelLoc>
        <Viewer>
            <Expression>indice</Expression>
            <ViewerClass>_X_ElementView</ViewerClass>
        </Viewer>
    </Frame>
    <Frame>
        <Bounds>
            <AutoSize>false</AutoSize>
            <X>60</X>
            <Y>590</Y>
            <W>1618</W>
            <H>378</H>
        </Bounds>
        <PanelSize>
            <Key>java__lang__Object_LinkedView0</Key>
            <Order>4</Order>
            <W>1624</W>
            <H>425</H>
        </PanelSize>
        <Viewer>
            <Expression>listaPessoasNome</Expression>
            <ViewerClass>java__lang__Object_LinkedView</ViewerClass>
            <ViewerData>
                <StructureData>
                    <Type>List</Type>
                    <WrapperExp>_list_.base</WrapperExp>
                    <NodeTypeNm>
                        aed.colecoes.iteraveis.lineares.naoordenadas.estruturas.deprecated.ListaSimplesNaoOrdenada$No
                    </NodeTypeNm>
                    <FwdLnkExp>_node_.seguinte</FwdLnkExp>
                    <ValueExp>_node_.elemento</ValueExp>
                    <FTLExp>false</FTLExp>
                    <Labels>2</Labels>
                </StructureData>
                <StructureFields>
                    <Field>
                        <Name>numeroElementos</Name>
                    </Field>
                </StructureFields>
                <ViewData>
                    <Width>121</Width>
                </ViewData>
            </ViewerData>
        </Viewer>
    </Frame>
    <Frame>
        <Bounds>
            <AutoSize>false</AutoSize>
            <X>40</X>
            <Y>1020</Y>
            <W>1658</W>
            <H>538</H>
        </Bounds>
        <PanelSize>
            <Key>java__lang__Object_LinkedView0</Key>
            <Order>4</Order>
            <W>1664</W>
            <H>585</H>
        </PanelSize>
        <Viewer>
            <Expression>it</Expression>
            <ViewerClass>java__lang__Object_LinkedView</ViewerClass>
            <ViewerData>
                <StructureData>
                    <Type>List</Type>
                    <WrapperExp>_list_.anteriorAoPrimeiro</WrapperExp>
                    <NodeTypeNm>
                        aed.colecoes.iteraveis.lineares.naoordenadas.estruturas.ListaSimplesNaoOrdenada$No
                    </NodeTypeNm>
                    <FwdLnkExp>_node_.seguinte</FwdLnkExp>
                    <TailExp>seguinteAoUltimo</TailExp>
                    <ValueExp>_node_.elemento</ValueExp>
                    <FTLExp>false</FTLExp>
                </StructureData>
                <StructureFields>
                    <Field>
                        <Name>corrente</Name>
                    </Field>
                </StructureFields>
                <ViewData>
                    <Width>125</Width>
                </ViewData>
            </ViewerData>
        </Viewer>
    </Frame>
    <Frame>
        <Bounds>
            <AutoSize>true</AutoSize>
            <X>360</X>
            <Y>40</Y>
            <W>231</W>
            <H>74</H>
        </Bounds>
        <Viewer>
            <Expression>pessoa</Expression>
            <ViewerClass>_X_PresentationToStringView</ViewerClass>
        </Viewer>
    </Frame>
    <Frame>
        <Bounds>
            <AutoSize>true</AutoSize>
            <X>630</X>
            <Y>40</Y>
            <W>230</W>
            <H>74</H>
        </Bounds>
        <Viewer>
            <Expression>elem</Expression>
            <ViewerClass>_X_PresentationToStringView</ViewerClass>
        </Viewer>
    </Frame>
    <Size>
        <W>3232</W>
        <H>1756</H>
    </Size>
    <ESize>
        <W>1628</W>
        <H>1738</H>
    </ESize>
</Canvas>
