<?xml version="1.0" encoding="UTF-8" standalone="no"?>
<Canvas xmlns="http://www.jgrasp.org">
    <Language>Java</Language>
    <ShowTypes>false</ShowTypes>
    <Version>2</Version>
    <Grid>
        <Snap>true</Snap>
        <Show>false</Show>
    </Grid>
    <Frame>
        <Bounds>
            <AutoSize>true</AutoSize>
            <X>120</X>
            <Y>620</Y>
            <W>149</W>
            <H>42</H>
        </Bounds>
        <Viewer>
            <Expression>criterio.comparar(elementos[i], elementos[i - 1]) &lt; 0 ? "Fora de Ordem" : ""</Expression>
            <ViewerClass>jgrasp_viewers.java__lang__String_FormattedView</ViewerClass>
        </Viewer>
    </Frame>
    <Frame>
        <Transparent>true</Transparent>
        <Bounds>
            <AutoSize>false</AutoSize>
            <X>20</X>
            <Y>90</Y>
            <W>618</W>
            <H>192</H>
        </Bounds>
        <PanelSize>
            <Key>jgrasp_viewers.java__lang__Object_BarGraphView0</Key>
            <Order>4</Order>
            <W>624</W>
            <H>240</H>
        </PanelSize>
        <PanelSize>
            <Key>java__lang__Object_BarGraphView0</Key>
            <Order>3</Order>
            <W>944</W>
            <H>425</H>
        </PanelSize>
        <Viewer>
            <Expression>elementos</Expression>
            <ViewerClass>jgrasp_viewers.java__lang__Object_BarGraphView</ViewerClass>
        </Viewer>
    </Frame>
    <Frame>
        <Transparent>true</Transparent>
        <Bounds>
            <AutoSize>true</AutoSize>
            <X>40</X>
            <Y>330</Y>
            <W>571</W>
            <H>200</H>
        </Bounds>
        <Viewer>
            <Expression>elementos</Expression>
            <Indices>i#indiceFim</Indices>
            <ViewerClass>jgrasp_viewers._X_A_PresentationView</ViewerClass>
            <ViewerData>
                <Round>false</Round>
            </ViewerData>
        </Viewer>
    </Frame>
    <Size>
        <W>1020</W>
        <H>720</H>
    </Size>
    <ESize>
        <W>1020</W>
        <H>720</H>
    </ESize>
</Canvas>
