<?xml version="1.0" encoding="UTF-8" standalone="no"?>
<Canvas xmlns="http://www.jgrasp.org">
    <Language>Java</Language>
    <ShowTypes>false</ShowTypes>
    <Version>2</Version>
    <Grid>
        <Snap>true</Snap>
        <Show>false</Show>
    </Grid>
    <Frame>
        <Bounds>
            <AutoSize>true</AutoSize>
            <X>350</X>
            <Y>650</Y>
            <W>124</W>
            <H>49</H>
        </Bounds>
        <LabelLoc>
            <WO>false</WO>
        </LabelLoc>
        <Viewer>
            <Expression>criterio.comparar(elementos[j], elementos[menor])</Expression>
            <ViewerClass>jgrasp_viewers._X_ElementView</ViewerClass>
        </Viewer>
    </Frame>
    <Frame>
        <Bounds>
            <AutoSize>true</AutoSize>
            <X>40</X>
            <Y>650</Y>
            <W>124</W>
            <H>49</H>
        </Bounds>
        <LabelLoc>
            <WO>false</WO>
        </LabelLoc>
        <Viewer>
            <Expression>criterio.comparar(elementos[j], elementos[menor]) &lt; 0</Expression>
            <ViewerClass>jgrasp_viewers._X_ElementView</ViewerClass>
        </Viewer>
    </Frame>
    <Frame>
        <Transparent>true</Transparent>
        <Bounds>
            <AutoSize>false</AutoSize>
            <X>20</X>
            <Y>280</Y>
            <W>938</W>
            <H>341</H>
        </Bounds>
        <PanelSize>
            <Key>jgrasp_viewers._X_A_PresentationView0</Key>
            <Order>4</Order>
            <W>944</W>
            <H>389</H>
        </PanelSize>
        <Viewer>
            <Expression>elementos</Expression>
            <Indices>i#j#menor</Indices>
            <ViewerClass>jgrasp_viewers._X_A_PresentationView</ViewerClass>
            <ViewerData>
                <Round>false</Round>
            </ViewerData>
        </Viewer>
    </Frame>
    <Frame>
        <Transparent>true</Transparent>
        <Bounds>
            <AutoSize>false</AutoSize>
            <X>20</X>
            <Y>80</Y>
            <W>598</W>
            <H>152</H>
        </Bounds>
        <PanelSize>
            <Key>jgrasp_viewers.java__lang__Object_BarGraphView0</Key>
            <Order>4</Order>
            <W>604</W>
            <H>200</H>
        </PanelSize>
        <PanelSize>
            <Key>java__lang__Object_BarGraphView0</Key>
            <Order>3</Order>
            <W>944</W>
            <H>425</H>
        </PanelSize>
        <Viewer>
            <Expression>elementos</Expression>
            <ViewerClass>jgrasp_viewers.java__lang__Object_BarGraphView</ViewerClass>
        </Viewer>
    </Frame>
    <Size>
        <W>659</W>
        <H>720</H>
    </Size>
    <ESize>
        <W>659</W>
        <H>720</H>
    </ESize>
</Canvas>
