<?xml version="1.0" encoding="UTF-8" standalone="no"?>
<Canvas xmlns="http://www.jgrasp.org">
    <Language>Java</Language>
    <ShowTypes>false</ShowTypes>
    <Version>2</Version>
    <Grid>
        <Snap>true</Snap>
        <Show>false</Show>
    </Grid>
    <Frame>
        <Bounds>
            <AutoSize>true</AutoSize>
            <X>220</X>
            <Y>650</Y>
            <W>124</W>
            <H>50</H>
        </Bounds>
        <Viewer>
            <Expression>pivot</Expression>
            <ViewerClass>jgrasp_viewers._X_PresentationToStringView</ViewerClass>
        </Viewer>
    </Frame>
    <Frame>
        <Transparent>true</Transparent>
        <Bounds>
            <AutoSize>false</AutoSize>
            <X>20</X>
            <Y>80</Y>
            <W>628</W>
            <H>172</H>
        </Bounds>
        <PanelSize>
            <Key>jgrasp_viewers.java__lang__Object_BarGraphView0</Key>
            <Order>4</Order>
            <W>634</W>
            <H>220</H>
        </PanelSize>
        <PanelSize>
            <Key>java__lang__Object_BarGraphView0</Key>
            <Order>3</Order>
            <W>944</W>
            <H>425</H>
        </PanelSize>
        <Viewer>
            <Expression>elementos</Expression>
            <ViewerClass>jgrasp_viewers.java__lang__Object_BarGraphView</ViewerClass>
        </Viewer>
    </Frame>
    <Frame>
        <Transparent>true</Transparent>
        <Bounds>
            <AutoSize>false</AutoSize>
            <X>40</X>
            <Y>310</Y>
            <W>698</W>
            <H>281</H>
        </Bounds>
        <PanelSize>
            <Key>jgrasp_viewers._X_A_PresentationView0</Key>
            <Order>4</Order>
            <W>704</W>
            <H>329</H>
        </PanelSize>
        <PanelSize>
            <Key>_X_A_PresentationView0</Key>
            <Order>3</Order>
            <W>944</W>
            <H>505</H>
        </PanelSize>
        <Viewer>
            <Expression>elementos</Expression>
            <Indices>i#j#meio#esq#dir</Indices>
            <ViewerClass>jgrasp_viewers._X_A_PresentationView</ViewerClass>
            <ViewerData>
                <Round>false</Round>
            </ViewerData>
        </Viewer>
    </Frame>
    <Size>
        <W>897</W>
        <H>720</H>
    </Size>
    <ESize>
        <W>897</W>
        <H>720</H>
    </ESize>
</Canvas>
