<?xml version="1.0" encoding="UTF-8" standalone="no"?>
<Canvas xmlns="http://www.jgrasp.org">
    <Language>Java</Language>
    <ShowTypes>false</ShowTypes>
    <Version>2</Version>
    <Grid>
        <Snap>true</Snap>
        <Show>false</Show>
    </Grid>
    <Frame>
        <Bounds>
            <AutoSize>false</AutoSize>
            <X>70</X>
            <Y>160</Y>
            <W>1408</W>
            <H>708</H>
        </Bounds>
        <PanelSize>
            <Key>java__lang__Object_LinkedView0</Key>
            <Order>4</Order>
            <W>1414</W>
            <H>761</H>
        </PanelSize>
        <Viewer>
            <Expression>pilhaPessoas</Expression>
            <ViewerClass>java__lang__Object_LinkedView</ViewerClass>
            <ViewerData>
                <StructureData>
                    <Type>List</Type>
                    <WrapperExp>_list_.noTopo</WrapperExp>
                    <NodeTypeNm>aed.colecoes.naoiteraveis.estruturas.Pilha$No</NodeTypeNm>
                    <FwdLnkExp>_node_.seguinte</FwdLnkExp>
                    <ValueExp>_node_.elemento</ValueExp>
                    <FTLExp>false</FTLExp>
                    <LTFExp>false</LTFExp>
                </StructureData>
                <ViewData>
                    <Width>124</Width>
                    <Vertical>true</Vertical>
                </ViewData>
            </ViewerData>
        </Viewer>
    </Frame>
    <Size>
        <W>1600</W>
        <H>1240</H>
    </Size>
    <ESize>
        <W>1600</W>
        <H>1240</H>
    </ESize>
</Canvas>
