<?xml version="1.0" encoding="UTF-8" standalone="no"?>
<Canvas xmlns="http://www.jgrasp.org">
    <Language>Java</Language>
    <ShowTypes>false</ShowTypes>
    <Version>2</Version>
    <Grid>
        <Snap>true</Snap>
        <Show>false</Show>
    </Grid>
    <Frame>
        <Bounds>
            <AutoSize>true</AutoSize>
            <X>730</X>
            <Y>1310</Y>
            <W>98</W>
            <H>36</H>
        </Bounds>
        <Viewer>
            <Expression>bi</Expression>
            <ViewerClass>jgrasp_viewers._X_PresentationToStringView</ViewerClass>
        </Viewer>
    </Frame>
    <Frame>
        <Bounds>
            <AutoSize>true</AutoSize>
            <X>40</X>
            <Y>440</Y>
            <W>246</W>
            <H>107</H>
        </Bounds>
        <Viewer>
            <Expression>tabelaHashPessoasBI.noPorChave</Expression>
            <ViewerClass>jgrasp_viewers._X_ElementView</ViewerClass>
        </Viewer>
    </Frame>
    <Frame>
        <Bounds>
            <AutoSize>true</AutoSize>
            <X>440</X>
            <Y>1310</Y>
            <W>106</W>
            <H>36</H>
        </Bounds>
        <Viewer>
            <Expression>pessoa</Expression>
            <ViewerClass>jgrasp_viewers._X_PresentationToStringView</ViewerClass>
        </Viewer>
    </Frame>
    <Frame>
        <Bounds>
            <AutoSize>true</AutoSize>
            <X>910</X>
            <Y>1310</Y>
            <W>135</W>
            <H>36</H>
        </Bounds>
        <Viewer>
            <Expression>a</Expression>
            <ViewerClass>jgrasp_viewers._X_PresentationToStringView</ViewerClass>
        </Viewer>
    </Frame>
    <Frame>
        <Bounds>
            <AutoSize>true</AutoSize>
            <X>40</X>
            <Y>1310</Y>
            <W>200</W>
            <H>84</H>
        </Bounds>
        <Viewer>
            <Expression>corrente</Expression>
            <ViewerClass>jgrasp_viewers._X_ElementView</ViewerClass>
        </Viewer>
    </Frame>
    <Frame>
        <Bounds>
            <AutoSize>true</AutoSize>
            <X>30</X>
            <Y>50</Y>
            <W>130</W>
            <H>49</H>
        </Bounds>
        <Viewer>
            <Expression>chave</Expression>
            <ViewerClass>_X_PresentationToStringView</ViewerClass>
        </Viewer>
    </Frame>
    <Frame>
        <Bounds>
            <AutoSize>true</AutoSize>
            <X>810</X>
            <Y>50</Y>
            <W>130</W>
            <H>49</H>
        </Bounds>
        <Viewer>
            <Expression>tabela[i] != null &amp;&amp; !tabela[i].getChave().equals(chave) ? "Colisão no índice " + i :
                ""
            </Expression>
            <ViewerClass>_X_PresentationToStringView</ViewerClass>
        </Viewer>
    </Frame>
    <Frame>
        <Bounds>
            <AutoSize>true</AutoSize>
            <X>240</X>
            <Y>1310</Y>
            <W>180</W>
            <H>107</H>
        </Bounds>
        <LabelLoc>
            <WO>false</WO>
        </LabelLoc>
        <Viewer>
            <Expression>proximo</Expression>
            <ViewerClass>_X_ElementView</ViewerClass>
        </Viewer>
    </Frame>
    <Frame>
        <Bounds>
            <AutoSize>true</AutoSize>
            <X>310</X>
            <Y>420</Y>
            <W>242</W>
            <H>322</H>
        </Bounds>
        <Viewer>
            <Expression>tabelaHashPessoasBI.noPorChave.tabela</Expression>
            <ViewerClass>jgrasp_viewers._X_A_PresentationView</ViewerClass>
            <ViewerData>
                <Width>220</Width>
                <Vertical>true</Vertical>
                <Round>false</Round>
            </ViewerData>
        </Viewer>
    </Frame>
    <Frame>
        <Bounds>
            <AutoSize>true</AutoSize>
            <X>560</X>
            <Y>50</Y>
            <W>133</W>
            <H>50</H>
        </Bounds>
        <LabelLoc>
            <WO>false</WO>
        </LabelLoc>
        <Viewer>
            <Expression>fatorCarga()</Expression>
            <ViewerClass>_X_ElementView</ViewerClass>
        </Viewer>
    </Frame>
    <Frame>
        <Bounds>
            <AutoSize>false</AutoSize>
            <X>30</X>
            <Y>190</Y>
            <W>1174</W>
            <H>154</H>
        </Bounds>
        <PanelSize>
            <Key>jgrasp_viewers.java__lang__Object_LinkedView0</Key>
            <Order>4</Order>
            <W>1180</W>
            <H>194</H>
        </PanelSize>
        <PanelSize>
            <Key>java__lang__Object_LinkedView0</Key>
            <Order>3</Order>
            <W>905</W>
            <H>1121</H>
        </PanelSize>
        <Viewer>
            <Expression>tabelaHashPessoasBI</Expression>
            <Indices>i#inativo#inicial#corrente#proximo</Indices>
            <ViewerClass>jgrasp_viewers.java__lang__Object_LinkedView</ViewerClass>
            <ViewerData>
                <StructureData>
                    <Type>List</Type>
                    <WrapperExp>_list_.base</WrapperExp>
                    <NodeTypeNm>aed.colecoes.iteraveis.associativas.estruturas.TabelaHashOrdenada$Base</NodeTypeNm>
                    <FwdLnkExp>_node_.seguinte</FwdLnkExp>
                    <BkwdLnkExp>_node_.anterior</BkwdLnkExp>
                    <ValueExp>_node_.elemento</ValueExp>
                </StructureData>
                <StructureFields>
                    <Field>
                        <Name>noPorChave</Name>
                    </Field>
                    <Field>
                        <Name>numeroElementos</Name>
                    </Field>
                </StructureFields>
                <ViewData>
                    <Width>177</Width>
                    <Delay>950</Delay>
                </ViewData>
            </ViewerData>
        </Viewer>
    </Frame>
    <Frame>
        <Bounds>
            <AutoSize>true</AutoSize>
            <X>1300</X>
            <Y>1310</Y>
            <W>130</W>
            <H>50</H>
        </Bounds>
        <LabelLoc>
            <WO>false</WO>
        </LabelLoc>
        <Viewer>
            <Expression>incremento</Expression>
            <ViewerClass>_X_ElementView</ViewerClass>
        </Viewer>
    </Frame>
    <Frame>
        <Bounds>
            <AutoSize>true</AutoSize>
            <X>230</X>
            <Y>50</Y>
            <W>155</W>
            <H>49</H>
        </Bounds>
        <Viewer>
            <Expression>valor</Expression>
            <ViewerClass>_X_PresentationToStringView</ViewerClass>
        </Viewer>
    </Frame>
    <Size>
        <W>1293</W>
        <H>702</H>
    </Size>
    <ESize>
        <W>1293</W>
        <H>702</H>
    </ESize>
</Canvas>
