<?xml version="1.0" encoding="UTF-8" standalone="no"?>
<Canvas xmlns="http://www.jgrasp.org">
    <Language>Java</Language>
    <ShowTypes>false</ShowTypes>
    <Version>2</Version>
    <Grid>
        <Snap>true</Snap>
        <Show>false</Show>
    </Grid>
    <Frame>
        <Bounds>
            <AutoSize>true</AutoSize>
            <X>40</X>
            <Y>90</Y>
            <W>513</W>
            <H>141</H>
        </Bounds>
        <Viewer>
            <Expression>elementos</Expression>
            <Indices>i</Indices>
            <ViewerClass>jgrasp_viewers._X_A_PresentationView</ViewerClass>
            <ViewerData>
                <Round>false</Round>
            </ViewerData>
        </Viewer>
    </Frame>
    <Frame>
        <Bounds>
            <AutoSize>true</AutoSize>
            <X>390</X>
            <Y>470</Y>
            <W>133</W>
            <H>56</H>
        </Bounds>
        <LabelLoc>
            <WO>false</WO>
        </LabelLoc>
        <Viewer>
            <Expression>cp</Expression>
            <ViewerClass>jgrasp_viewers._X_ElementView</ViewerClass>
        </Viewer>
    </Frame>
    <Frame>
        <Bounds>
            <AutoSize>true</AutoSize>
            <X>70</X>
            <Y>480</Y>
            <W>124</W>
            <H>50</H>
        </Bounds>
        <Viewer>
            <Expression>elemento</Expression>
            <ViewerClass>jgrasp_viewers._X_PresentationToStringView</ViewerClass>
        </Viewer>
    </Frame>
    <Frame>
        <Transparent>true</Transparent>
        <Bounds>
            <AutoSize>true</AutoSize>
            <X>220</X>
            <Y>480</Y>
            <W>133</W>
            <H>56</H>
        </Bounds>
        <LabelLoc>
            <WO>false</WO>
        </LabelLoc>
        <Viewer>
            <Expression>indice</Expression>
            <ViewerClass>jgrasp_viewers._X_ElementView</ViewerClass>
        </Viewer>
    </Frame>
    <Size>
        <W>703</W>
        <H>720</H>
    </Size>
    <ESize>
        <W>703</W>
        <H>720</H>
    </ESize>
</Canvas>
